valid_score_mean,valid_score_std,valid_time_mean,train_score_mean,train_score_std,train_time_mean,data_transfo_time,data_imputers,data_encoders,add_cross,keep_all,restrict_scaler,params_reg,iteration
0.533165792820753,0.05655601996079422,0.002029275894165039,0.5452473382625473,0.014978108406951799,0.008085966110229492,0.37601985600122134,"AllImputation(categ_cols=['BuildingType', 'PrimaryPropertyType',
                          'LargestPropertyUseType',
                          'SecondLargestPropertyUseType',
                          'ThirdLargestPropertyUseType'],
              missforest=False,
              sk_object=KNNImputer(add_indicator=False, copy=True,
                                   metric='nan_euclidean', missing_values=nan,
                                   n_neighbors=5, weights='uniform'))","LeaveOneOutEncoder(cols=['BuildingType', 'PrimaryPropertyType',
                         'LargestPropertyUseType',
                         'SecondLargestPropertyUseType',
                         'ThirdLargestPropertyUseType'],
                   drop_invariant=False, handle_missing='value',
                   handle_unknown='value', random_state=42, return_df=True,
                   sigma=0.5, verbose=0)",True,True,,"{'estimator': LinearRegression(copy_X=True, fit_intercept=True, n_jobs=None, normalize=False), 'pca': PCA(copy=True, iterated_power='auto', n_components=0.95, random_state=None,
    svd_solver='auto', tol=0.0, whiten=False)}",1
0.5076108933320134,0.04014481216771628,0.0026540756225585938,0.569119233009284,0.010673893979812693,0.02749786376953125,0.9969596330010972,"PandasColumnTransformer(list_name=<__main__.ListCols object at 0x7f761105d0f0>,
                        n_jobs=-1, remainder='drop', sparse_threshold=0.3,
                        transformer_weights=None,
                        transformers=[('num_imputer',
                                       FitToPandas(list_name=None,
                                                   restrict_cols=None,
                                                   sk_object=IterativeImputer(add_indicator=False,
                                                                              estimator=None,
                                                                              imputation_order='ascending',
                                                                              initial_strategy='mean',
                                                                              max_iter=10...
                                                                              min_value=0,
                                                                              missing_values=nan,
                                                                              n_nearest_features=None,
                                                                              random_state=42,
                                                                              sample_posterior=True,
                                                                              skip_complete=True,
                                                                              tol=0.001,
                                                                              verbose=0)),
                                       'num'),
                                      ('categ_imputer',
                                       FitToPandas(list_name=None,
                                                   restrict_cols=None,
                                                   sk_object=SimpleImputer(add_indicator=False,
                                                                           copy=True,
                                                                           fill_value=None,
                                                                           missing_values=nan,
                                                                           strategy='most_frequent',
                                                                           verbose=0)),
                                       'categ')],
                        verbose=False)",CustomOneHotEncoder(ascending=False),False,False,transfo_num,"{'estimator': LinearRegression(copy_X=True, fit_intercept=True, n_jobs=None, normalize=False), 'pca': PCA(copy=True, iterated_power='auto', n_components=0.99, random_state=None,
    svd_solver='auto', tol=0.0, whiten=False)}",2
0.5312483529606679,0.047591017097725605,0.001850461959838867,0.543996817882791,0.01312850535902023,0.007481670379638672,0.6472510769999644,"PandasColumnTransformer(list_name=<__main__.ListCols object at 0x7f761105d0f0>,
                        n_jobs=-1, remainder='drop', sparse_threshold=0.3,
                        transformer_weights=None,
                        transformers=[('num_imputer',
                                       FitToPandas(list_name=None,
                                                   restrict_cols=None,
                                                   sk_object=IterativeImputer(add_indicator=False,
                                                                              estimator=None,
                                                                              imputation_order='ascending',
                                                                              initial_strategy='mean',
                                                                              max_iter=10...
                                                                              min_value=0,
                                                                              missing_values=nan,
                                                                              n_nearest_features=None,
                                                                              random_state=42,
                                                                              sample_posterior=True,
                                                                              skip_complete=True,
                                                                              tol=0.001,
                                                                              verbose=0)),
                                       'num'),
                                      ('categ_imputer',
                                       FitToPandas(list_name=None,
                                                   restrict_cols=None,
                                                   sk_object=SimpleImputer(add_indicator=False,
                                                                           copy=True,
                                                                           fill_value=None,
                                                                           missing_values=nan,
                                                                           strategy='most_frequent',
                                                                           verbose=0)),
                                       'categ')],
                        verbose=False)","LeaveOneOutEncoder(cols=['BuildingType', 'PrimaryPropertyType',
                         'LargestPropertyUseType',
                         'SecondLargestPropertyUseType',
                         'ThirdLargestPropertyUseType'],
                   drop_invariant=False, handle_missing='value',
                   handle_unknown='value', random_state=42, return_df=True,
                   sigma=0.5, verbose=0)",False,True,,"{'estimator': LinearRegression(copy_X=True, fit_intercept=True, n_jobs=None, normalize=False), 'pca': PCA(copy=True, iterated_power='auto', n_components=0.99, random_state=None,
    svd_solver='auto', tol=0.0, whiten=False)}",3
0.5012916961942935,0.03741426576656691,0.002342367172241211,0.5229640316705689,0.007784993444261978,0.024126672744750978,0.950448403997143,"PandasColumnTransformer(list_name=<__main__.ListCols object at 0x7f761105d0f0>,
                        n_jobs=-1, remainder='drop', sparse_threshold=0.3,
                        transformer_weights=None,
                        transformers=[('num_imputer',
                                       FitToPandas(list_name=None,
                                                   restrict_cols=None,
                                                   sk_object=IterativeImputer(add_indicator=False,
                                                                              estimator=None,
                                                                              imputation_order='ascending',
                                                                              initial_strategy='mean',
                                                                              max_iter=10...
                                                                              min_value=0,
                                                                              missing_values=nan,
                                                                              n_nearest_features=None,
                                                                              random_state=42,
                                                                              sample_posterior=True,
                                                                              skip_complete=True,
                                                                              tol=0.001,
                                                                              verbose=0)),
                                       'num'),
                                      ('categ_imputer',
                                       FitToPandas(list_name=None,
                                                   restrict_cols=None,
                                                   sk_object=SimpleImputer(add_indicator=False,
                                                                           copy=True,
                                                                           fill_value=None,
                                                                           missing_values=nan,
                                                                           strategy='most_frequent',
                                                                           verbose=0)),
                                       'categ')],
                        verbose=False)",CustomOneHotEncoder(ascending=False),False,False,transfo_num,"{'estimator': LinearRegression(copy_X=True, fit_intercept=True, n_jobs=None, normalize=False), 'pca': PCA(copy=True, iterated_power='auto', n_components=0.9, random_state=None,
    svd_solver='auto', tol=0.0, whiten=False)}",4
0.5279214597122038,0.05570886116317354,0.0018828868865966796,0.5392884544822727,0.015041719422031728,0.007892799377441407,0.2602158250010689,"PandasColumnTransformer(list_name=<__main__.ListCols object at 0x7f761105d0f0>,
                        n_jobs=-1, remainder='drop', sparse_threshold=0.3,
                        transformer_weights=None,
                        transformers=[('num_imputer',
                                       FitToPandas(list_name=None,
                                                   restrict_cols=None,
                                                   sk_object=SimpleImputer(add_indicator=False,
                                                                           copy=True,
                                                                           fill_value=None,
                                                                           missing_values=nan,
                                                                           strategy='mean',
                                                                           verbose=0)),
                                       'num'),
                                      ('categ_imputer',
                                       FitToPandas(list_name=None,
                                                   restrict_cols=None,
                                                   sk_object=SimpleImputer(add_indicator=False,
                                                                           copy=True,
                                                                           fill_value=None,
                                                                           missing_values=nan,
                                                                           strategy='most_frequent',
                                                                           verbose=0)),
                                       'categ')],
                        verbose=False)","LeaveOneOutEncoder(cols=['BuildingType', 'PrimaryPropertyType',
                         'LargestPropertyUseType',
                         'SecondLargestPropertyUseType',
                         'ThirdLargestPropertyUseType'],
                   drop_invariant=False, handle_missing='value',
                   handle_unknown='value', random_state=42, return_df=True,
                   sigma=0.5, verbose=0)",True,True,,"{'estimator': LinearRegression(copy_X=True, fit_intercept=True, n_jobs=None, normalize=False), 'pca': PCA(copy=True, iterated_power='auto', n_components=0.95, random_state=None,
    svd_solver='auto', tol=0.0, whiten=False)}",5
0.5252655421503112,0.05048636699034779,0.0020419597625732423,0.5361158148367728,0.013348944086236117,0.007709026336669922,0.2274625649988593,"PandasColumnTransformer(list_name=<__main__.ListCols object at 0x7f761105d0f0>,
                        n_jobs=-1, remainder='drop', sparse_threshold=0.3,
                        transformer_weights=None,
                        transformers=[('num_imputer',
                                       FitToPandas(list_name=None,
                                                   restrict_cols=None,
                                                   sk_object=SimpleImputer(add_indicator=False,
                                                                           copy=True,
                                                                           fill_value=None,
                                                                           missing_values=nan,
                                                                           strategy='median',
                                                                           verbose=0)),
                                       'num'),
                                      ('categ_imputer',
                                       FitToPandas(list_name=None,
                                                   restrict_cols=None,
                                                   sk_object=SimpleImputer(add_indicator=False,
                                                                           copy=True,
                                                                           fill_value=None,
                                                                           missing_values=nan,
                                                                           strategy='most_frequent',
                                                                           verbose=0)),
                                       'categ')],
                        verbose=False)","LeaveOneOutEncoder(cols=['BuildingType', 'PrimaryPropertyType',
                         'LargestPropertyUseType',
                         'SecondLargestPropertyUseType',
                         'ThirdLargestPropertyUseType'],
                   drop_invariant=False, handle_missing='value',
                   handle_unknown='value', random_state=42, return_df=True,
                   sigma=0.5, verbose=0)",False,False,,"{'estimator': LinearRegression(copy_X=True, fit_intercept=True, n_jobs=None, normalize=False), 'pca': PCA(copy=True, iterated_power='auto', n_components=0.95, random_state=None,
    svd_solver='auto', tol=0.0, whiten=False)}",6
0.43719935571736973,0.06364925703879541,0.0018564701080322266,0.45078055857720994,0.016878512625010004,0.006535959243774414,0.24893751499985228,"PandasColumnTransformer(list_name=<__main__.ListCols object at 0x7f761105d0f0>,
                        n_jobs=-1, remainder='drop', sparse_threshold=0.3,
                        transformer_weights=None,
                        transformers=[('num_imputer',
                                       FitToPandas(list_name=None,
                                                   restrict_cols=None,
                                                   sk_object=SimpleImputer(add_indicator=False,
                                                                           copy=True,
                                                                           fill_value=None,
                                                                           missing_values=nan,
                                                                           strategy='mean',
                                                                           verbose=0)),
                                       'num'),
                                      ('categ_imputer',
                                       FitToPandas(list_name=None,
                                                   restrict_cols=None,
                                                   sk_object=SimpleImputer(add_indicator=False,
                                                                           copy=True,
                                                                           fill_value=None,
                                                                           missing_values=nan,
                                                                           strategy='most_frequent',
                                                                           verbose=0)),
                                       'categ')],
                        verbose=False)","LeaveOneOutEncoder(cols=['BuildingType', 'PrimaryPropertyType',
                         'LargestPropertyUseType',
                         'SecondLargestPropertyUseType',
                         'ThirdLargestPropertyUseType'],
                   drop_invariant=False, handle_missing='value',
                   handle_unknown='value', random_state=42, return_df=True,
                   sigma=0.5, verbose=0)",True,False,,"{'estimator': LinearRegression(copy_X=True, fit_intercept=True, n_jobs=None, normalize=False), 'pca': PCA(copy=True, iterated_power='auto', n_components=0.9, random_state=None,
    svd_solver='auto', tol=0.0, whiten=False)}",7
0.5113611970335382,0.042845369727510484,0.0025896549224853514,0.574443816187617,0.011513113621322384,0.02752370834350586,0.6038287709998258,"PandasColumnTransformer(list_name=<__main__.ListCols object at 0x7f761105d0f0>,
                        n_jobs=-1, remainder='drop', sparse_threshold=0.3,
                        transformer_weights=None,
                        transformers=[('num_imputer',
                                       FitToPandas(list_name=None,
                                                   restrict_cols=None,
                                                   sk_object=SimpleImputer(add_indicator=False,
                                                                           copy=True,
                                                                           fill_value=None,
                                                                           missing_values=nan,
                                                                           strategy='median',
                                                                           verbose=0)),
                                       'num'),
                                      ('categ_imputer',
                                       FitToPandas(list_name=None,
                                                   restrict_cols=None,
                                                   sk_object=SimpleImputer(add_indicator=False,
                                                                           copy=True,
                                                                           fill_value=None,
                                                                           missing_values=nan,
                                                                           strategy='most_frequent',
                                                                           verbose=0)),
                                       'categ')],
                        verbose=False)",CustomOneHotEncoder(ascending=False),False,False,transfo_num,"{'estimator': LinearRegression(copy_X=True, fit_intercept=True, n_jobs=None, normalize=False), 'pca': PCA(copy=True, iterated_power='auto', n_components=0.99, random_state=None,
    svd_solver='auto', tol=0.0, whiten=False)}",8
0.5136636607327064,0.05295024839586565,0.0018021583557128907,0.5229000179302884,0.012553126429237898,0.006984806060791016,0.22708626500025275,"PandasColumnTransformer(list_name=<__main__.ListCols object at 0x7f761105d0f0>,
                        n_jobs=-1, remainder='drop', sparse_threshold=0.3,
                        transformer_weights=None,
                        transformers=[('num_imputer',
                                       FitToPandas(list_name=None,
                                                   restrict_cols=None,
                                                   sk_object=SimpleImputer(add_indicator=False,
                                                                           copy=True,
                                                                           fill_value=None,
                                                                           missing_values=nan,
                                                                           strategy='median',
                                                                           verbose=0)),
                                       'num'),
                                      ('categ_imputer',
                                       FitToPandas(list_name=None,
                                                   restrict_cols=None,
                                                   sk_object=SimpleImputer(add_indicator=False,
                                                                           copy=True,
                                                                           fill_value=None,
                                                                           missing_values=nan,
                                                                           strategy='most_frequent',
                                                                           verbose=0)),
                                       'categ')],
                        verbose=False)","LeaveOneOutEncoder(cols=['BuildingType', 'PrimaryPropertyType',
                         'LargestPropertyUseType',
                         'SecondLargestPropertyUseType',
                         'ThirdLargestPropertyUseType'],
                   drop_invariant=False, handle_missing='value',
                   handle_unknown='value', random_state=42, return_df=True,
                   sigma=0.5, verbose=0)",False,True,,"{'estimator': LinearRegression(copy_X=True, fit_intercept=True, n_jobs=None, normalize=False), 'pca': PCA(copy=True, iterated_power='auto', n_components=0.9, random_state=None,
    svd_solver='auto', tol=0.0, whiten=False)}",9
0.5134829746530019,0.04323203513070481,0.002349376678466797,0.5365153185881698,0.008592032358935294,0.02374920845031738,0.5870566690027772,"PandasColumnTransformer(list_name=<__main__.ListCols object at 0x7f761105d0f0>,
                        n_jobs=-1, remainder='drop', sparse_threshold=0.3,
                        transformer_weights=None,
                        transformers=[('num_imputer',
                                       FitToPandas(list_name=None,
                                                   restrict_cols=None,
                                                   sk_object=SimpleImputer(add_indicator=False,
                                                                           copy=True,
                                                                           fill_value=None,
                                                                           missing_values=nan,
                                                                           strategy='mean',
                                                                           verbose=0)),
                                       'num'),
                                      ('categ_imputer',
                                       FitToPandas(list_name=None,
                                                   restrict_cols=None,
                                                   sk_object=SimpleImputer(add_indicator=False,
                                                                           copy=True,
                                                                           fill_value=None,
                                                                           missing_values=nan,
                                                                           strategy='most_frequent',
                                                                           verbose=0)),
                                       'categ')],
                        verbose=False)",CustomOneHotEncoder(ascending=False),False,False,transfo_num,"{'estimator': LinearRegression(copy_X=True, fit_intercept=True, n_jobs=None, normalize=False), 'pca': PCA(copy=True, iterated_power='auto', n_components=0.9, random_state=None,
    svd_solver='auto', tol=0.0, whiten=False)}",10
0.507852763846098,0.037295465005620684,0.0037525177001953127,0.5762902958198557,0.009295806781723396,0.028547000885009766,0.7085572620017047,"AllImputation(categ_cols=['BuildingType', 'PrimaryPropertyType',
                          'LargestPropertyUseType',
                          'SecondLargestPropertyUseType',
                          'ThirdLargestPropertyUseType'],
              missforest=False,
              sk_object=KNNImputer(add_indicator=False, copy=True,
                                   metric='nan_euclidean', missing_values=nan,
                                   n_neighbors=5, weights='uniform'))",CustomOneHotEncoder(ascending=False),False,False,transfo_num,"{'estimator': LinearRegression(copy_X=True, fit_intercept=True, n_jobs=None, normalize=False), 'pca': PCA(copy=True, iterated_power='auto', n_components=0.99, random_state=None,
    svd_solver='auto', tol=0.0, whiten=False)}",11
0.5096310932987405,0.041386656183449604,0.00260009765625,0.5384476076880663,0.010902122978743465,0.024571037292480467,0.7004284020003979,"AllImputation(categ_cols=['BuildingType', 'PrimaryPropertyType',
                          'LargestPropertyUseType',
                          'SecondLargestPropertyUseType',
                          'ThirdLargestPropertyUseType'],
              missforest=False,
              sk_object=KNNImputer(add_indicator=False, copy=True,
                                   metric='nan_euclidean', missing_values=nan,
                                   n_neighbors=5, weights='uniform'))",CustomOneHotEncoder(ascending=False),False,False,transfo_num,"{'estimator': LinearRegression(copy_X=True, fit_intercept=True, n_jobs=None, normalize=False), 'pca': PCA(copy=True, iterated_power='auto', n_components=0.9, random_state=None,
    svd_solver='auto', tol=0.0, whiten=False)}",12
0.5252655421503112,0.05048636699034779,0.0018822193145751954,0.5361158148367728,0.013348944086236117,0.0069348812103271484,0.2310730760000297,"PandasColumnTransformer(list_name=<__main__.ListCols object at 0x7f761105d0f0>,
                        n_jobs=-1, remainder='drop', sparse_threshold=0.3,
                        transformer_weights=None,
                        transformers=[('num_imputer',
                                       FitToPandas(list_name=None,
                                                   restrict_cols=None,
                                                   sk_object=SimpleImputer(add_indicator=False,
                                                                           copy=True,
                                                                           fill_value=None,
                                                                           missing_values=nan,
                                                                           strategy='median',
                                                                           verbose=0)),
                                       'num'),
                                      ('categ_imputer',
                                       FitToPandas(list_name=None,
                                                   restrict_cols=None,
                                                   sk_object=SimpleImputer(add_indicator=False,
                                                                           copy=True,
                                                                           fill_value=None,
                                                                           missing_values=nan,
                                                                           strategy='most_frequent',
                                                                           verbose=0)),
                                       'categ')],
                        verbose=False)","LeaveOneOutEncoder(cols=['BuildingType', 'PrimaryPropertyType',
                         'LargestPropertyUseType',
                         'SecondLargestPropertyUseType',
                         'ThirdLargestPropertyUseType'],
                   drop_invariant=False, handle_missing='value',
                   handle_unknown='value', random_state=42, return_df=True,
                   sigma=0.5, verbose=0)",False,False,,"{'estimator': LinearRegression(copy_X=True, fit_intercept=True, n_jobs=None, normalize=False), 'pca': PCA(copy=True, iterated_power='auto', n_components=0.95, random_state=None,
    svd_solver='auto', tol=0.0, whiten=False)}",13
0.5134829746530019,0.04323203513070481,0.002344036102294922,0.5365153185881698,0.008592032358935294,0.02466473579406738,0.6099200259995996,"PandasColumnTransformer(list_name=<__main__.ListCols object at 0x7f761105d0f0>,
                        n_jobs=-1, remainder='drop', sparse_threshold=0.3,
                        transformer_weights=None,
                        transformers=[('num_imputer',
                                       FitToPandas(list_name=None,
                                                   restrict_cols=None,
                                                   sk_object=SimpleImputer(add_indicator=False,
                                                                           copy=True,
                                                                           fill_value=None,
                                                                           missing_values=nan,
                                                                           strategy='mean',
                                                                           verbose=0)),
                                       'num'),
                                      ('categ_imputer',
                                       FitToPandas(list_name=None,
                                                   restrict_cols=None,
                                                   sk_object=SimpleImputer(add_indicator=False,
                                                                           copy=True,
                                                                           fill_value=None,
                                                                           missing_values=nan,
                                                                           strategy='most_frequent',
                                                                           verbose=0)),
                                       'categ')],
                        verbose=False)",CustomOneHotEncoder(ascending=False),False,False,transfo_num,"{'estimator': LinearRegression(copy_X=True, fit_intercept=True, n_jobs=None, normalize=False), 'pca': PCA(copy=True, iterated_power='auto', n_components=0.9, random_state=None,
    svd_solver='auto', tol=0.0, whiten=False)}",14
0.5096310932987405,0.041386656183449604,0.0023645877838134764,0.5384476076880663,0.010902122978743465,0.025123739242553712,0.7046565849996114,"AllImputation(categ_cols=['BuildingType', 'PrimaryPropertyType',
                          'LargestPropertyUseType',
                          'SecondLargestPropertyUseType',
                          'ThirdLargestPropertyUseType'],
              missforest=False,
              sk_object=KNNImputer(add_indicator=False, copy=True,
                                   metric='nan_euclidean', missing_values=nan,
                                   n_neighbors=5, weights='uniform'))",CustomOneHotEncoder(ascending=False),False,False,transfo_num,"{'estimator': LinearRegression(copy_X=True, fit_intercept=True, n_jobs=None, normalize=False), 'pca': PCA(copy=True, iterated_power='auto', n_components=0.9, random_state=None,
    svd_solver='auto', tol=0.0, whiten=False)}",15
0.5176416035467589,0.049401127469916796,0.0024337291717529295,0.5276535705137777,0.012834494322468979,0.006607198715209961,0.2567923549977422,"PandasColumnTransformer(list_name=<__main__.ListCols object at 0x7f761105d0f0>,
                        n_jobs=-1, remainder='drop', sparse_threshold=0.3,
                        transformer_weights=None,
                        transformers=[('num_imputer',
                                       FitToPandas(list_name=None,
                                                   restrict_cols=None,
                                                   sk_object=SimpleImputer(add_indicator=False,
                                                                           copy=True,
                                                                           fill_value=None,
                                                                           missing_values=nan,
                                                                           strategy='median',
                                                                           verbose=0)),
                                       'num'),
                                      ('categ_imputer',
                                       FitToPandas(list_name=None,
                                                   restrict_cols=None,
                                                   sk_object=SimpleImputer(add_indicator=False,
                                                                           copy=True,
                                                                           fill_value=None,
                                                                           missing_values=nan,
                                                                           strategy='most_frequent',
                                                                           verbose=0)),
                                       'categ')],
                        verbose=False)","LeaveOneOutEncoder(cols=['BuildingType', 'PrimaryPropertyType',
                         'LargestPropertyUseType',
                         'SecondLargestPropertyUseType',
                         'ThirdLargestPropertyUseType'],
                   drop_invariant=False, handle_missing='value',
                   handle_unknown='value', random_state=42, return_df=True,
                   sigma=0.5, verbose=0)",True,True,,"{'estimator': LinearRegression(copy_X=True, fit_intercept=True, n_jobs=None, normalize=False), 'pca': PCA(copy=True, iterated_power='auto', n_components=0.9, random_state=None,
    svd_solver='auto', tol=0.0, whiten=False)}",16
0.5332990686675018,0.05416804480263606,0.0018954277038574219,0.5472353006528095,0.0146614340397544,0.007825517654418945,0.24490005699772155,"PandasColumnTransformer(list_name=<__main__.ListCols object at 0x7f761105d0f0>,
                        n_jobs=-1, remainder='drop', sparse_threshold=0.3,
                        transformer_weights=None,
                        transformers=[('num_imputer',
                                       FitToPandas(list_name=None,
                                                   restrict_cols=None,
                                                   sk_object=SimpleImputer(add_indicator=False,
                                                                           copy=True,
                                                                           fill_value=None,
                                                                           missing_values=nan,
                                                                           strategy='mean',
                                                                           verbose=0)),
                                       'num'),
                                      ('categ_imputer',
                                       FitToPandas(list_name=None,
                                                   restrict_cols=None,
                                                   sk_object=SimpleImputer(add_indicator=False,
                                                                           copy=True,
                                                                           fill_value=None,
                                                                           missing_values=nan,
                                                                           strategy='most_frequent',
                                                                           verbose=0)),
                                       'categ')],
                        verbose=False)","LeaveOneOutEncoder(cols=['BuildingType', 'PrimaryPropertyType',
                         'LargestPropertyUseType',
                         'SecondLargestPropertyUseType',
                         'ThirdLargestPropertyUseType'],
                   drop_invariant=False, handle_missing='value',
                   handle_unknown='value', random_state=42, return_df=True,
                   sigma=0.5, verbose=0)",False,True,,"{'estimator': LinearRegression(copy_X=True, fit_intercept=True, n_jobs=None, normalize=False), 'pca': PCA(copy=True, iterated_power='auto', n_components=0.99, random_state=None,
    svd_solver='auto', tol=0.0, whiten=False)}",17
0.522174646810597,0.04862223111225878,0.0026207923889160155,0.5300305865610977,0.011872468446986749,0.006655073165893555,0.6290772089996608,"PandasColumnTransformer(list_name=<__main__.ListCols object at 0x7f761105d0f0>,
                        n_jobs=-1, remainder='drop', sparse_threshold=0.3,
                        transformer_weights=None,
                        transformers=[('num_imputer',
                                       FitToPandas(list_name=None,
                                                   restrict_cols=None,
                                                   sk_object=IterativeImputer(add_indicator=False,
                                                                              estimator=None,
                                                                              imputation_order='ascending',
                                                                              initial_strategy='mean',
                                                                              max_iter=10...
                                                                              min_value=0,
                                                                              missing_values=nan,
                                                                              n_nearest_features=None,
                                                                              random_state=42,
                                                                              sample_posterior=True,
                                                                              skip_complete=True,
                                                                              tol=0.001,
                                                                              verbose=0)),
                                       'num'),
                                      ('categ_imputer',
                                       FitToPandas(list_name=None,
                                                   restrict_cols=None,
                                                   sk_object=SimpleImputer(add_indicator=False,
                                                                           copy=True,
                                                                           fill_value=None,
                                                                           missing_values=nan,
                                                                           strategy='most_frequent',
                                                                           verbose=0)),
                                       'categ')],
                        verbose=False)","LeaveOneOutEncoder(cols=['BuildingType', 'PrimaryPropertyType',
                         'LargestPropertyUseType',
                         'SecondLargestPropertyUseType',
                         'ThirdLargestPropertyUseType'],
                   drop_invariant=False, handle_missing='value',
                   handle_unknown='value', random_state=42, return_df=True,
                   sigma=0.5, verbose=0)",True,True,,"{'estimator': LinearRegression(copy_X=True, fit_intercept=True, n_jobs=None, normalize=False), 'pca': PCA(copy=True, iterated_power='auto', n_components=0.9, random_state=None,
    svd_solver='auto', tol=0.0, whiten=False)}",18
0.5257088667633159,0.05815764350925548,0.001886606216430664,0.5374493270328321,0.012587055493239728,0.0074885845184326175,0.36453094300304656,"AllImputation(categ_cols=['BuildingType', 'PrimaryPropertyType',
                          'LargestPropertyUseType',
                          'SecondLargestPropertyUseType',
                          'ThirdLargestPropertyUseType'],
              missforest=False,
              sk_object=KNNImputer(add_indicator=False, copy=True,
                                   metric='nan_euclidean', missing_values=nan,
                                   n_neighbors=5, weights='uniform'))","LeaveOneOutEncoder(cols=['BuildingType', 'PrimaryPropertyType',
                         'LargestPropertyUseType',
                         'SecondLargestPropertyUseType',
                         'ThirdLargestPropertyUseType'],
                   drop_invariant=False, handle_missing='value',
                   handle_unknown='value', random_state=42, return_df=True,
                   sigma=0.5, verbose=0)",True,True,,"{'estimator': LinearRegression(copy_X=True, fit_intercept=True, n_jobs=None, normalize=False), 'pca': PCA(copy=True, iterated_power='auto', n_components=0.9, random_state=None,
    svd_solver='auto', tol=0.0, whiten=False)}",19
0.5096310932987405,0.041386656183449604,0.0025893688201904298,0.5384476076880663,0.010902122978743465,0.023908662796020507,0.7029067219991703,"AllImputation(categ_cols=['BuildingType', 'PrimaryPropertyType',
                          'LargestPropertyUseType',
                          'SecondLargestPropertyUseType',
                          'ThirdLargestPropertyUseType'],
              missforest=False,
              sk_object=KNNImputer(add_indicator=False, copy=True,
                                   metric='nan_euclidean', missing_values=nan,
                                   n_neighbors=5, weights='uniform'))",CustomOneHotEncoder(ascending=False),False,False,transfo_num,"{'estimator': LinearRegression(copy_X=True, fit_intercept=True, n_jobs=None, normalize=False), 'pca': PCA(copy=True, iterated_power='auto', n_components=0.9, random_state=None,
    svd_solver='auto', tol=0.0, whiten=False)}",20
0.5288260061886241,0.056008908790931254,0.0023464202880859376,0.539799819436757,0.015138815403385854,0.005779552459716797,0.23208437699940987,"PandasColumnTransformer(list_name=<__main__.ListCols object at 0x7f761105d0f0>,
                        n_jobs=-1, remainder='drop', sparse_threshold=0.3,
                        transformer_weights=None,
                        transformers=[('num_imputer',
                                       FitToPandas(list_name=None,
                                                   restrict_cols=None,
                                                   sk_object=SimpleImputer(add_indicator=False,
                                                                           copy=True,
                                                                           fill_value=None,
                                                                           missing_values=nan,
                                                                           strategy='mean',
                                                                           verbose=0)),
                                       'num'),
                                      ('categ_imputer',
                                       FitToPandas(list_name=None,
                                                   restrict_cols=None,
                                                   sk_object=SimpleImputer(add_indicator=False,
                                                                           copy=True,
                                                                           fill_value=None,
                                                                           missing_values=nan,
                                                                           strategy='most_frequent',
                                                                           verbose=0)),
                                       'categ')],
                        verbose=False)","LeaveOneOutEncoder(cols=['BuildingType', 'PrimaryPropertyType',
                         'LargestPropertyUseType',
                         'SecondLargestPropertyUseType',
                         'ThirdLargestPropertyUseType'],
                   drop_invariant=False, handle_missing='value',
                   handle_unknown='value', random_state=42, return_df=True,
                   sigma=0.5, verbose=0)",False,True,,"{'estimator': LinearRegression(copy_X=True, fit_intercept=True, n_jobs=None, normalize=False), 'pca': PCA(copy=True, iterated_power='auto', n_components=0.95, random_state=None,
    svd_solver='auto', tol=0.0, whiten=False)}",21
0.5332990686675018,0.05416804480263606,0.001853799819946289,0.5472353006528095,0.0146614340397544,0.006438589096069336,0.2265637960008462,"PandasColumnTransformer(list_name=<__main__.ListCols object at 0x7f761105d0f0>,
                        n_jobs=-1, remainder='drop', sparse_threshold=0.3,
                        transformer_weights=None,
                        transformers=[('num_imputer',
                                       FitToPandas(list_name=None,
                                                   restrict_cols=None,
                                                   sk_object=SimpleImputer(add_indicator=False,
                                                                           copy=True,
                                                                           fill_value=None,
                                                                           missing_values=nan,
                                                                           strategy='mean',
                                                                           verbose=0)),
                                       'num'),
                                      ('categ_imputer',
                                       FitToPandas(list_name=None,
                                                   restrict_cols=None,
                                                   sk_object=SimpleImputer(add_indicator=False,
                                                                           copy=True,
                                                                           fill_value=None,
                                                                           missing_values=nan,
                                                                           strategy='most_frequent',
                                                                           verbose=0)),
                                       'categ')],
                        verbose=False)","LeaveOneOutEncoder(cols=['BuildingType', 'PrimaryPropertyType',
                         'LargestPropertyUseType',
                         'SecondLargestPropertyUseType',
                         'ThirdLargestPropertyUseType'],
                   drop_invariant=False, handle_missing='value',
                   handle_unknown='value', random_state=42, return_df=True,
                   sigma=0.5, verbose=0)",False,True,,"{'estimator': LinearRegression(copy_X=True, fit_intercept=True, n_jobs=None, normalize=False), 'pca': PCA(copy=True, iterated_power='auto', n_components=0.99, random_state=None,
    svd_solver='auto', tol=0.0, whiten=False)}",22
0.5332990686675018,0.05416804480263606,0.001715373992919922,0.5472353006528095,0.0146614340397544,0.006871509552001953,0.23225234400160844,"PandasColumnTransformer(list_name=<__main__.ListCols object at 0x7f761105d0f0>,
                        n_jobs=-1, remainder='drop', sparse_threshold=0.3,
                        transformer_weights=None,
                        transformers=[('num_imputer',
                                       FitToPandas(list_name=None,
                                                   restrict_cols=None,
                                                   sk_object=SimpleImputer(add_indicator=False,
                                                                           copy=True,
                                                                           fill_value=None,
                                                                           missing_values=nan,
                                                                           strategy='mean',
                                                                           verbose=0)),
                                       'num'),
                                      ('categ_imputer',
                                       FitToPandas(list_name=None,
                                                   restrict_cols=None,
                                                   sk_object=SimpleImputer(add_indicator=False,
                                                                           copy=True,
                                                                           fill_value=None,
                                                                           missing_values=nan,
                                                                           strategy='most_frequent',
                                                                           verbose=0)),
                                       'categ')],
                        verbose=False)","LeaveOneOutEncoder(cols=['BuildingType', 'PrimaryPropertyType',
                         'LargestPropertyUseType',
                         'SecondLargestPropertyUseType',
                         'ThirdLargestPropertyUseType'],
                   drop_invariant=False, handle_missing='value',
                   handle_unknown='value', random_state=42, return_df=True,
                   sigma=0.5, verbose=0)",False,True,,"{'estimator': LinearRegression(copy_X=True, fit_intercept=True, n_jobs=None, normalize=False), 'pca': PCA(copy=True, iterated_power='auto', n_components=0.99, random_state=None,
    svd_solver='auto', tol=0.0, whiten=False)}",23
0.5332990686675018,0.05416804480263606,0.0029015541076660156,0.5472353006528095,0.0146614340397544,0.007247543334960938,0.22772571400128072,"PandasColumnTransformer(list_name=<__main__.ListCols object at 0x7f761105d0f0>,
                        n_jobs=-1, remainder='drop', sparse_threshold=0.3,
                        transformer_weights=None,
                        transformers=[('num_imputer',
                                       FitToPandas(list_name=None,
                                                   restrict_cols=None,
                                                   sk_object=SimpleImputer(add_indicator=False,
                                                                           copy=True,
                                                                           fill_value=None,
                                                                           missing_values=nan,
                                                                           strategy='mean',
                                                                           verbose=0)),
                                       'num'),
                                      ('categ_imputer',
                                       FitToPandas(list_name=None,
                                                   restrict_cols=None,
                                                   sk_object=SimpleImputer(add_indicator=False,
                                                                           copy=True,
                                                                           fill_value=None,
                                                                           missing_values=nan,
                                                                           strategy='most_frequent',
                                                                           verbose=0)),
                                       'categ')],
                        verbose=False)","LeaveOneOutEncoder(cols=['BuildingType', 'PrimaryPropertyType',
                         'LargestPropertyUseType',
                         'SecondLargestPropertyUseType',
                         'ThirdLargestPropertyUseType'],
                   drop_invariant=False, handle_missing='value',
                   handle_unknown='value', random_state=42, return_df=True,
                   sigma=0.5, verbose=0)",False,True,,"{'estimator': LinearRegression(copy_X=True, fit_intercept=True, n_jobs=None, normalize=False), 'pca': PCA(copy=True, iterated_power='auto', n_components=0.99, random_state=None,
    svd_solver='auto', tol=0.0, whiten=False)}",24
0.5332990686675018,0.05416804480263606,0.0018642902374267577,0.5472353006528095,0.0146614340397544,0.006643342971801758,0.22309742599827587,"PandasColumnTransformer(list_name=<__main__.ListCols object at 0x7f761105d0f0>,
                        n_jobs=-1, remainder='drop', sparse_threshold=0.3,
                        transformer_weights=None,
                        transformers=[('num_imputer',
                                       FitToPandas(list_name=None,
                                                   restrict_cols=None,
                                                   sk_object=SimpleImputer(add_indicator=False,
                                                                           copy=True,
                                                                           fill_value=None,
                                                                           missing_values=nan,
                                                                           strategy='mean',
                                                                           verbose=0)),
                                       'num'),
                                      ('categ_imputer',
                                       FitToPandas(list_name=None,
                                                   restrict_cols=None,
                                                   sk_object=SimpleImputer(add_indicator=False,
                                                                           copy=True,
                                                                           fill_value=None,
                                                                           missing_values=nan,
                                                                           strategy='most_frequent',
                                                                           verbose=0)),
                                       'categ')],
                        verbose=False)","LeaveOneOutEncoder(cols=['BuildingType', 'PrimaryPropertyType',
                         'LargestPropertyUseType',
                         'SecondLargestPropertyUseType',
                         'ThirdLargestPropertyUseType'],
                   drop_invariant=False, handle_missing='value',
                   handle_unknown='value', random_state=42, return_df=True,
                   sigma=0.5, verbose=0)",False,True,,"{'estimator': LinearRegression(copy_X=True, fit_intercept=True, n_jobs=None, normalize=False), 'pca': PCA(copy=True, iterated_power='auto', n_components=0.99, random_state=None,
    svd_solver='auto', tol=0.0, whiten=False)}",25
